"sku","category","brand","supplier","parent_name","product_name","variant_name","description","price","currency","colors","width","height","depth","weight","collection","designer","awards","material","dimensions"
"vipp_Vipp13","N/A","Vipp","Vipp","N/A","Pedal bin 4 L / 1 gal","N/A","The Vipp13 pedal bin the smallest of the Vipp bins and is a trash can ideal for the bathroom. This pedal bin is equipped with a removable inner bin, a lid that ensures air-tight closure, and a damper mechanism that provides smooth closing of the lid. A rubber ring at the base protects floors. For an overview of all available sizes of Vipp bins, click the link below.","229.00","EUR",".","placeholder","placeholder","placeholder","N/A","N/A","Holger Nielsen, 1939","N/A","Powder-coated steel, stainless steel, rubber. View care instructions","placeholder"
"vipp_Vipp14","N/A","Vipp","Vipp","N/A","Pedal bin 8 L / 2 gal","N/A","The Vipp14 pedal bin is a smaller trash can well-suited for bathrooms. This pedal bin is equipped with a removable inner bin, a lid that ensures air-tight closure, and a damper mechanism that provides smooth closing of the lid. A rubber ring at the base protects floors. For an overview of all available sizes of Vipp bins, click the link below.","255.00","EUR",".","placeholder","placeholder","placeholder","N/A","N/A","Holger Nielsen, 1939","N/A","Powder-coated steel, stainless steel, silicone. View care instructions","placeholder"
"vipp_Vipp15","N/A","Vipp","Vipp","N/A","Pedal bin 14 L / 4 gal","N/A","The Vipp15 pedal bin is a medium-sized trash can for the kitchen, office or bathroom. This pedal bin is equipped with a removable inner bin, a lid that ensures air-tight closure, and a damper mechanism that provides smooth closing of the lid. A rubber ring at the base protects floors. For an overview of all available sizes of Vipp bins, click the link below.","325.00","EUR",".","placeholder","placeholder","placeholder","N/A","N/A","Holger Nielsen, 1939","N/A","Powder-coated steel, stainless steel, silicone. View care instructions","placeholder"
"vipp_Vipp16","N/A","Vipp","Vipp","N/A","Pedal bin 18 L / 5 gal","N/A","The Vipp16 pedal bin is a large trash can for kitchen, office or bathroom. This pedal bin is equipped with a removable inner bin, a lid that ensures air-tight closure, and a damper mechanism that provides smooth closing of the lid. A rubber ring at the base protects floors. For an overview of all available sizes of Vipp bins, click the link below.","359.00","EUR",".","placeholder","placeholder","placeholder","N/A","N/A","Holger Nielsen, 1939","N/A","Powder-coated steel, stainless steel, silicone. View care instructions","placeholder"
"vipp_Vipp17","N/A","Vipp","Vipp","N/A","Pedal bin 30 L / 8 gal","N/A","The Vipp17 pedal bin is the largest of the Vipp bins, ideal for use in kitchens. This pedal bin is equipped with a removable inner bin, a lid that ensures air-tight closure, and a damper mechanism that provides smooth closing of the lid. A rubber ring at the base protects floors. For an overview of all available sizes of Vipp bins, click the link below.","469.00","EUR",".","placeholder","placeholder","placeholder","N/A","N/A","Holger Nielsen, 1939","N/A","Powder-coated steel, stainless steel, silicone. View care instructions","placeholder"
"vipp_Vipp10","N/A","Vipp","Vipp","N/A","Container","N/A","The Vipp container is an easy storage solution for everything from keys to cotton pads. With a sturdy body and a removable inner section, the Vipp container is a handy addition to every room.","79.00","EUR",".","placeholder","placeholder","placeholder","N/A","N/A","N/A","N/A","Powder-coated steel, stainless steel, silicone. View care instructions","placeholder"
"vipp_Vipp5","N/A","Vipp","Vipp","N/A","Soap dish","N/A","The Vipp soap dish neatly stores soap bars in the bathroom. Featuring dishwasher-proof rubber parts, the soap dish can easily be taken apart for cleaning. A rubber base protects surfaces, while a rubber groove keeps the soap dry.","60.00","EUR",".","placeholder","placeholder","placeholder","N/A","N/A","N/A","N/A","Powder-coated steel, stainless steel, silicone. View care instructions","placeholder"
"vipp_Vipp11w","N/A","Vipp","Vipp","N/A","Toilet brush, wall","N/A","The wall-mounted Vipp toilet brush is a refined bathroom necessity. A rubber ring at the top of provides air-tight closure. The brush head and inner tube of the toilet brush can be replaced.","189.00","EUR",".","placeholder","placeholder","placeholder","N/A","N/A","N/A","N/A","Powder-coated steel, stainless steel, silicone, plastic. View care instructions","placeholder"
"vipp_Vipp11","N/A","Vipp","Vipp","N/A","Toilet brush","N/A","The Vipp toilet brush is a refined bathroom necessity. A silicone ring at the top of the toilet brush provides air-tight closure, while extra weight at the base ensures stability. The brush head and inner tube of the toilet brush can be replaced.","189.00","EUR",".","placeholder","placeholder","placeholder","N/A","N/A","N/A","N/A","Powder-coated steel, stainless steel, silicone, plastic. View care instructions","placeholder"
"vipp_Vipp441","N/A","Vipp","Vipp","N/A","Laundry basket","N/A","The Vipp laundry basket is a practical solution for laundry sorting, and is ideal for the bathroom or bedroom. The perforated lid ensures air circulation, and the machine-washable inner liner divided in two sections makes laundry sorting easy. The Vipp laundry basket is fitted on wheels.","509.00","EUR",".","placeholder","placeholder","placeholder","N/A","N/A","N/A","N/A","Powder-coated steel, stainless steel, silicone, nylon mesh. View care instructions","placeholder"
"vipp_Vipp8","N/A","Vipp","Vipp","N/A","Towel bar","N/A","The Vipp towel bar is an elegant addition to any bathroom. Featuring a functional groove, the Vipp towel bar provides a non-slip surface for wet towels.","215.00","EUR",".","placeholder","placeholder","placeholder","N/A","N/A","N/A","N/A","Stainless steel, two-component plastic. View care instructions","placeholder"
"vipp_Vipp9","N/A","Vipp","Vipp","N/A","Dispenser","N/A","The Vipp dispenser is a functional product for the bathroom or kitchen. A custom-designed pump ensures a proper amount of soap, sanitiser gel, or dishwashing liquid. A sturdy body with a solid base gives the Vipp dispenser stability for one-hand operation.","115.00","EUR",".","placeholder","placeholder","placeholder","N/A","N/A","N/A","N/A","Powder-coated steel, stainless steel, silicone, plastic. View care instructions","placeholder"
"vipp_Vipp9w","N/A","Vipp","Vipp","N/A","Dispenser, wall","N/A","The wall-mounted version of the Vipp dispenser is a functional product for the bathroom or kitchen. A custom-designed pump ensures a proper amount of soap, sanitiser gel, or dishwashing liquid. The wall-mounted Vipp dispenser can be easily removed from the wall bracket.","125.00","EUR",".","placeholder","placeholder","placeholder","N/A","N/A","N/A","N/A","Powder-coated steel, stainless steel, silicone, plastic. View care instructions","placeholder"
"vipp_Vipp7","N/A","Vipp","Vipp","N/A","Toothbrush holder","N/A","The Vipp toothbrush holder is pure bathroom functionality. With a removable rubber inner section, the toothbrush holder separates the toothbrush from the toothpaste. A non-skid rubber base protects surfaces.","79.00","EUR",".","placeholder","placeholder","placeholder","N/A","N/A","N/A","N/A","Powder-coated steel, stainless steel, silicone. View care instructions","placeholder"
"vipp_Vipp6","N/A","Vipp","Vipp","N/A","Shower shelf","N/A","The Vipp shower shelf is a functional addition to the bathroom shower area. Acid-resistant materials protects the shower shelf against soap residue, and a removable insert makes it easy to clean.","199.00","EUR",".","placeholder","placeholder","placeholder","N/A","N/A","N/A","N/A","Stainless steel, two-component plastic. View care instructions","placeholder"
"vipp_Vipp4","N/A","Vipp","Vipp","N/A","Spare roll holder","N/A","The Vipp spare roll holder is a handy solution for storaging spare toilet rolls in the bathroom. Along with Vipp’s toilet roll holder, the spare roll holder completes a functional pair of products for the bathroom.","99.00","EUR",".","placeholder","placeholder","placeholder","N/A","N/A","N/A","N/A","Stainless steel, two-component plastic. View care instructions","placeholder"
"vipp_Vipp3","N/A","Vipp","Vipp","N/A","Toilet roll holder","N/A","The Vipp toilet roll holder is a part the Vipp bathroom collection. The Vipp toilet roll holder features a discreet opening and closing mechanism, and a rubber-coated groove holds the toilet roll in place.","199.00","EUR",".","placeholder","placeholder","placeholder","N/A","N/A","N/A","N/A","Stainless steel, two-component plastic. View care instructions","placeholder"
"vipp_Vipp911","N/A","Vipp","Vipp","N/A","Mirror, small","N/A","The smallest in the Vipp collection, this mirror is ideal for the small bathroom or hallway. Powerful in its functional simplicity, the small Vipp mirror features a rounded frame encircling wet-room-proof glass.","609.00","EUR",".","placeholder","placeholder","placeholder","N/A","N/A","N/A","N/A","Powder-coated aluminium, 8 mm wet room proof glass. View care instructions","placeholder"
"vipp_Vipp912","N/A","Vipp","Vipp","N/A","Mirror, medium","N/A","This is the medium-sized mirror in the Vipp collection, ideal for the bathroom, bedroom or hallway. Powerful in its functional simplicity, the medium Vipp mirror features a rounded frame encircling wet-room-proof glass.","750.00","EUR",".","placeholder","placeholder","placeholder","N/A","N/A","N/A","N/A","Powder-coated aluminium, 8 mm wet room proof glass. View care instructions","placeholder"
"vipp_Vipp913","N/A","Vipp","Vipp","N/A","Mirror, large","N/A","This is the largest mirror in the Vipp collection, ideal for spacious bathrooms, bedrooms or hallways. Powerful in its functional simplicity, the large Vipp mirror features a rounded frame encircling wet-room-proof glass.","900.00","EUR",".","placeholder","placeholder","placeholder","N/A","N/A","N/A","N/A","Powder-coated aluminium 8 mm wet room proof glass. View care instructions","placeholder"
"vipp_Vipp981","N/A","Vipp","Vipp","N/A","Bath module, small","N/A","This is smallest of the Vipp bath modules, ideal for bathrooms with limited space. All three available Vipp bath modules are fitted with a durable tabletop with an integrated sink with two pre-cut cutouts of Ø35 mm. This bath module has one sink and one large drawer. Please see product details for options regarding bathroom tap.","2,550.00","EUR",".","placeholder","placeholder","placeholder","N/A","N/A","N/A","N/A","Powder-coated aluminium, stainless steel, silicone. View care instructions","placeholder"
"vipp_Vipp982","N/A","Vipp","Vipp","N/A","Bath module, medium","N/A","This is the medium-sized version of the Vipp bath modules, ideal for bathrooms where storage space is needed. All three available Vipp bath modules are fitted with a durable tabletop with an integrated sink with two pre-cut cutouts of Ø35 mm. This bath module has one sink and three drawers. Please see product details for options regarding bathroom tap.","3,959.00","EUR",".","placeholder","placeholder","placeholder","N/A","N/A","N/A","N/A","Powder-coated aluminium, stainless steel, silicone. View care instructions","placeholder"
"vipp_Vipp983","N/A","Vipp","Vipp","N/A","Bath module, large","N/A","This is the largest of the Vipp bath modules, ideal for spacious bathrooms where a lot of storage space is needed. This bath module features a durable tabletop with two integrated sinks with two pre-cut cutouts of Ø35 mm and four drawers. Please see product details for options regarding bathroom tap.","5,299.00","EUR",".","placeholder","placeholder","placeholder","N/A","N/A","N/A","N/A","Powder-coated aluminium, stainless steel, silicone. View care instructions","placeholder"
"vipp_Vipp906","N/A","Vipp","Vipp","N/A","Bathroom tap","N/A","The Vipp bathroom tap is operated with a separate lever and equipped with a swivel spout. Featuring a lime-resistant aerator and a ceramic cartridge, the Vipp bathroom tap is drip-free with a soft water jet.","675.00","EUR",".","placeholder","placeholder","placeholder","N/A","N/A","N/A","N/A","Stainless steel. View care instructions","placeholder"
"vipp_Vipp2","N/A","Vipp","Vipp","N/A","Shower wiper","N/A","The Vipp shower wiper has a replaceable wiper blade in soft silicone, which easily removes water from smooth surfaces in the bathroom. Soft edges protect surfaces, and a silicone strap makes it easy to hang the shower wiper on the supplied hook after use.","79.00","EUR",".","placeholder","placeholder","placeholder","N/A","N/A","N/A","N/A","Stainless steel, plastic, silicone. View care instructions","placeholder"
"vipp_Vipp104","N/A","Vipp","Vipp","N/A","Bath towel","N/A","Vipp towels are made of pure organic cotton for optimal quality, water absorption and softness. The towels are fitted with a solid rubber strap and are available in three versions - guest towel, hand towel and bath towel.","40.00","EUR",".","placeholder","placeholder","placeholder","N/A","N/A","N/A","N/A","100% organic cotton, rubber. View care instructions","placeholder"
"vipp_Vipp103","N/A","Vipp","Vipp","N/A","Hand towel","N/A","Vipp towels are made of pure organic cotton for optimal quality, water absorption and softness. The towels are fitted with a solid rubber strap and are available in three versions - guest towel, hand towel and bath towel.","29.00","EUR",".","placeholder","placeholder","placeholder","N/A","N/A","N/A","N/A","100% organic cotton, rubber. View care instructions","placeholder"
"vipp_Vipp102","N/A","Vipp","Vipp","N/A","Guest towel","N/A","Vipp towels are made of pure organic cotton for optimal quality, water absorption and softness. The towels are fitted with a solid rubber strap and are available in three versions - guest towel, hand towel and bath towel.","13.00","EUR",".","placeholder","placeholder","placeholder","N/A","N/A","N/A","N/A","100% organic cotton, rubber. View care instructions","placeholder"
"vipp_Vipp530","N/A","Vipp","Vipp","N/A","Table lamp","N/A","The Vipp table lamp is a lamp ideal for the living room or bedroom. It is equipped with a pull string and a solid base for stability. An inside reflector guides the light straight downwards and the perforated lampshade adds a soft diffusion of light, making the table lamp suitable by the bedside or on a sideboard.","269.00","EUR",".","placeholder","placeholder","placeholder","N/A","N/A","N/A","N/A","Powder-coated aluminium and steel, stainless steel, silicone, glass, fabric-covered cord. View care instructions","placeholder"
"vipp_Vipp528","N/A","Vipp","Vipp","N/A","Pendant, small","N/A","This Vipp pendant is the smaller sized version of the two pendants, for the kitchen or the dining room. The small-sized pendant has a perforated lamp shade and matte glass for a balanced diffusion of light, ideal above kitchen modules or the dining table.","269.00","EUR",".","placeholder","placeholder","placeholder","N/A","N/A","N/A","N/A","Powder-coated aluminium and steel, stainless steel, glass, fabric-covered cord. View care instructions","placeholder"
"vipp_Vipp526","N/A","Vipp","Vipp","N/A","Pendant","N/A","The Vipp pendant is a lamp for the dining room. The pendant has a perforated lamp shade and matte glass for a pleasant diffusion of light.","419.00","EUR",".","placeholder","placeholder","placeholder","N/A","N/A","N/A","N/A","Powder-coated aluminium and steel, stainless steel, silicone, glass, fabric-covered cord. View care instructions","placeholder"
"vipp_Vipp522","N/A","Vipp","Vipp","N/A","Wall lamp","N/A","The Vipp wall lamp is a versatile wall light for the home or office space. The wall lamp features an adjustable arm for forcused lighting and a perforated shade for a pleasant diffusion of light. An adapter is available as a spare part, if the installation requires it.","359.00","EUR",".","placeholder","placeholder","placeholder","N/A","N/A","N/A","N/A","Powder-coated aluminium and steel, stainless steel, silicone, glass, fabric-covered cord. View care instructions","placeholder"
"vipp_Vipp523","N/A","Vipp","Vipp","N/A","Wall lamp, small","N/A","This small-sized Vipp wall lamp is a versatile wall light for the hallway, kitchen, bedroom or living room. It is equipped with an adjustable arm for multifunctional usage and fits right by the sofa and bedside or placed above mirrors. Scroll to the bottom of this page to check if your installation requires a wall mount adapter.","309.00","EUR",".","placeholder","placeholder","placeholder","N/A","N/A","N/A","N/A","Powder-coated aluminium and steel, stainless steel, silicone, glass, fabric-covered cord. View care instructions","placeholder"
"vipp_Vipp524","N/A","Vipp","Vipp","N/A","Wall spot","N/A","The Vipp wall spot is a versatile wall light for the bathroom, hallway, kitchen or living room. The wall spot has a perforated shade for a pleasant diffusion of light. Scroll to the bottom of this page to check if your installation requires a wall mount adapter.","269.00","EUR",".","placeholder","placeholder","placeholder","N/A","N/A","N/A","N/A","Matte black powder-coated aluminium and steel or smooth white aluminium and steel, stainless steel, silicone, glass, fabric-covered cord. View care instructions","placeholder"
"vipp_Vipp551","N/A","Vipp","Vipp","N/A","Outdoor wall spot","N/A","The Vipp outdoor wall spot is a versatile wall light well suited for outdoor facades. This lamp is made from powder-coated aluminium and stainless steel with matte glass and a perforated shade offering a pleasant diffusion of light. Also suitable for indoor use.","319.00","EUR",".","placeholder","placeholder","placeholder","N/A","N/A","N/A","N/A","Powder-coated aluminium and stainless steel, silicone, glass. View care instructions","placeholder"
"vipp_Vipp521","N/A","Vipp","Vipp","N/A","Desk lamp","N/A","The Vipp desk lamp is a work lamp for the office or the home. It is equipped with an adjustable arm, finger screws, and a solid base for stability. The desk lamp has a perforated shade and matte glass for a pleasant diffusion of light.","419.00","EUR",".","placeholder","placeholder","placeholder","N/A","N/A","N/A","N/A","Powder-coated aluminium and steel, stainless steel, silicone, glass, fabric-covered cord. View care instructions","placeholder"
"vipp_Vipp521ins","N/A","Vipp","Vipp","N/A","Desk lamp w/ insert","N/A","The Vipp desk lamp w/ insert is a functional work light for the home or office space. Made to be installed directly in the desk, the Vipp desk lamp w/ insert has an adjustable arm for focused lighting. The lamp also features a perforated shade and matte glass for a pleasant diffusion of light.","365.00","EUR",".","placeholder","placeholder","placeholder","N/A","N/A","N/A","N/A","Powder-coated aluminium and steel, stainless steel, silicone, glass, fabric-covered cord. View care instructions","placeholder"
"vipp_Vipp525","N/A","Vipp","Vipp","N/A","Floor reading lamp","N/A","The Vipp floor reading lamp is a reading light for the living room. Equipped with details such as an adjustable arm for focused lighting, the floor reading lamp also features a perforated shade and matte glass for a pleasant diffusion of light.","469.00","EUR",".","placeholder","placeholder","placeholder","N/A","N/A","N/A","N/A","Powder-coated aluminium and steel, stainless steel, silicone, glass, fabric-covered cord. View care instructions","placeholder"
"vipp_Vipp462","N/A","Vipp","Vipp","N/A","Lodge chair","N/A","The Vipp Lodge chair is suitable for the dining- or living room. This dining chair features a moulded soft shell and legs of solid oak. The shell of the Lodge chair can be customised in Vipp's entire upholstery range. Here shown in predefined variants with dark oak or light oak legs. For more upholsteries, click the details below.","1,189.00","EUR",".","placeholder","placeholder","placeholder","N/A","N/A","N/A","N/A","Metal, High Resilience foam, oiled light oak, lacquered dark oak, textile, or leather. View care instructions","placeholder"
"vipp_Vipp466","N/A","Vipp","Vipp","N/A","Lodge lounge chair","N/A","The Vipp Lodge lounge chair is suited for the living room or lounge area. This lounge chair features a moulded soft shell and legs of solid oak. The shell of the Lodge lounge chair can be customised in Vipp's entire upholstery range. Here shown in predefined variants with dark oak or light oak legs.","2,209.00","EUR",".","placeholder","placeholder","placeholder","N/A","N/A","N/A","N/A","Metal, High Resilience foam, oiled light oak, lacquered dark oak, textile, or leather. View care instructions","placeholder"
"vipp_Vipp467","N/A","Vipp","Vipp","N/A","Lodge footstool","N/A","The Lodge footstool is a free-standing footrest to be paired with the Lodge lounge chair. This footstool features a moulded soft shell and legs in solid oak. The shell of the Lodge footstool can be customised in Vipp's entire upholstery range. Here shown in predefined variants with dark oak or light oak legs.","1,009.00","EUR",".","placeholder","placeholder","placeholder","N/A","N/A","N/A","N/A","Metal, High Resilience foam, oiled light oak, lacquered dark oak, textile, or leather. View care instructions","placeholder"
"vipp_Vipp89466","N/A","Vipp","Vipp","N/A","Neck rest for Lodge lounge chair","N/A","The neck rest is a customised, retrofitted neck pillow for the Lodge lounge chair. The neck rest features a soft foam pillow attached to a heavy aluminium bar. This construction makes it easy to attach and detach to the Lodge lounge chair. Available in light or dark leather.","339.00","EUR",".","placeholder","placeholder","placeholder","N/A","N/A","N/A","N/A","High Resilience Foam, leather upholstery. Sanded and anodized aluminium bar. View care instructions","placeholder"
"vipp_Vipp452","N/A","Vipp","Vipp","N/A","Swivel chair w/ castors","N/A","Vipp Swivel chair is suitable for the home office or meeting room. The chair features a polished or powder-coated aluminium frame with an upholstered leather seat and backrest. A four-legged base on castor wheels allows for a 360° seat rotation. Also available with gliders. The upholstery of black and sand leather features unique visual characteristics.","1,009.00","EUR",".","placeholder","placeholder","placeholder","N/A","N/A","N/A","N/A","Powder-coated or polished aluminium, upholstered with leather. View care instructions","placeholder"
"vipp_Vipp452","N/A","Vipp","Vipp","N/A","Swivel chair w/ gliders","N/A","Vipp Swivel chair is suitable for the home office or meeting room. The chair features a polished or powder-coated aluminium frame with an upholstered leather seat and backrest. A four-legged base on floor gliders allows for a 360° seat rotation. Also available with castors. The upholstery of black and sand leather features unique visual characteristics.","939.00","EUR",".","placeholder","placeholder","placeholder","N/A","N/A","N/A","N/A","Powder-coated or polished aluminum, upholstered with leather. View care instructions","placeholder"
"vipp_Vipp451","N/A","Vipp","Vipp","N/A","Chair w/ leather","N/A","Vipp chair is suitable for the dining- or living room. The chair features a powder-coated or polished aluminium frame with rounded armrests and a small backrest. Upholstery of leather is available in either black, cognac, or sand and features unique visual characteristics.","869.00","EUR",".","placeholder","placeholder","placeholder","N/A","N/A","N/A","N/A","Powder-coated or polished aluminum, upholstered with leather. View care instructions","placeholder"
"vipp_Vipp451","N/A","Vipp","Vipp","N/A","Chair w/ fabric","N/A","The Vipp chair is suitable for the dining- or living room. The chair features a powder-coated aluminium frame with rounded armrests and a small backrest. Upholstery of dark grey textile.","469.00","EUR",".","placeholder","placeholder","placeholder","N/A","N/A","N/A","N/A","Powder-coated aluminium, upholstered in fabric. See care instructions","placeholder"
"vipp_Vipp484","N/A","Vipp","Vipp","N/A","Cabin counter stool","N/A","Vipp Cabin counter stool is made for a kitchen counter. This counter stool features rounded components of solid oak and a hovering veneer seat with an affixed cushion in either sand or black leather. The supportive footrest of steel ensures stability. The Cabin counter stool is also available in a bar version.","869.00","EUR",".","placeholder","placeholder","placeholder","N/A","N/A","N/A","N/A","Light oak: Oiled solid oak, stainless steel. Dark oak: Olied solid oak, powder-coated steel. View care instructions","placeholder"
"vipp_Vipp485","N/A","Vipp","Vipp","N/A","Cabin bar stool","N/A","Vipp Cabin bar stool is suitable for bar seating. This bar stool features rounded components of solid oak and a hovering veneer seat with an affixed cushion in either sand or black leather. The supportive footrest of steel ensures stability. The Cabin bar stool is also available in a counter version.","939.00","EUR",".","placeholder","placeholder","placeholder","N/A","N/A","N/A","N/A","Light oak: Oiled solid oak, stainless steel. Dark oak: Oiled solid oak, powder-coated steel. View care instructions","placeholder"
"vipp_Vipp481","N/A","Vipp","Vipp","N/A","Cabin chair w/ leather","N/A","Vipp Cabin chair is suitable for the dining- or living room. This chair features rounded components of solid oak and a hovering veneer seat with an affixed cushion in either sand or black leather. The leather features unique visual characteristics. The Cabin chair is also available without a leather cushion.","599.00","EUR",".","placeholder","placeholder","placeholder","N/A","N/A","N/A","N/A","Light oak: oiled, aniline leather. Dark oak: oiled, aniline leather. View care instructions","placeholder"
"vipp_Vipp481","N/A","Vipp","Vipp","N/A","Cabin chair","N/A","Vipp Cabin chair is suitable for the dining- or living room. This chair features rounded components of solid oak and a hovering veneer seat. The Cabin chair is also available with an affixed leather cushion in either sand or black leather.","469.00","EUR",".","placeholder","placeholder","placeholder","N/A","N/A","N/A","N/A","Light oak: oiled. Dark oak: oiled. View care instructions","placeholder"
"vipp_Vipp494","N/A","Vipp","Vipp","N/A","Cabin round table, dark oak base","N/A","The Vipp Cabin round table is a medium-sized table for the dining room or kitchen. This table features a base of solid, lacquered dark oak with a marble tabletop. The Cabin table is also available in a square version. Please note that each marble plate has a unique visual expression.","4,229.00","EUR",".","placeholder","placeholder","placeholder","N/A","N/A","N/A","N/A","Lacquered oak, marble top. View care instructions","placeholder"
"vipp_Vipp494","N/A","Vipp","Vipp","N/A","Cabin round table, light oak base","N/A","The Vipp Cabin round table is a medium-sized table for the dining room or kitchen. This table features a base of solid, oiled light oak with a marble tabletop. The Cabin table is also available in a square version. Please note that each marble plate has a unique visual expression.","4,629.00","EUR",".","placeholder","placeholder","placeholder","N/A","N/A","N/A","N/A","Olied oak, marble top. View care instructions","placeholder"
"vipp_Vipp496","N/A","Vipp","Vipp","N/A","Cabin square table","N/A","The Vipp Cabin square table is a large table for the dining room or kitchen. This table is made of light or dark solid oak and features an oblong shape and a base of two carved pieces of wood with a lacquered or oiled finish. The Cabin table is also available in a round version.","4,029.00","EUR",".","placeholder","placeholder","placeholder","N/A","N/A","N/A","N/A","Dark oak: lacquered. Light oak: lacquered or oiled. View care instructions","placeholder"
"vipp_Vipp456","N/A","Vipp","Vipp","N/A","Lounge chair","N/A","The Vipp Lounge chair is suited for the living room or lounge area. This lounge chair features a powder-coated aluminium frame with padded armrests and a slightly angled seat and backrest. Rounded edges and smooth, dark brown leather upholstery add softness to the sturdy, die-cast construction. The dark brown leather upholstery features unique visual characteristics.","2,079.00","EUR",".","placeholder","placeholder","placeholder","N/A","N/A","N/A","N/A","Powder-coated aluminium, steel, aniline leather. View care instructions","placeholder"
"vipp_Vipp610","N/A","Vipp","Vipp","N/A","Ottoman for Loft sofa","N/A","The Vipp Loft ottoman is a free-standing module to be paired with the Vipp loft sofa. This ottoman features a frame of powder-coated aluminium and interior of foam, polyfibres and natural feathers. For more upholstery options, click details below.","1,295.00","EUR",".","placeholder","placeholder","placeholder","N/A","N/A","N/A","N/A","Powder-coated aluminium, stainless steel, wood, textile upholstery","placeholder"
"vipp_Vipp610","N/A","Vipp","Vipp","N/A","Loft sofa, 3-seater","N/A","The Vipp Loft sofa is one of the two models available in the Vipp sofa series. The Loft sofa features a wide, angular shape with a wood and steel construction, carried by a slender frame of powder-coated steel. One cushion per unit is included. This version is a 3-seater configuration. For more modules and upholstery options, click details below.","5,035.00","EUR",".","placeholder","placeholder","placeholder","N/A","N/A","N/A","N/A","Powder-coated aluminium, stainless steel, wood, textile upholstery. View care instructions","placeholder"
"vipp_Vipp632","N/A","Vipp","Vipp","N/A","Ottoman for Chimney sofa","N/A","The Vipp Chimney ottoman is a free-standing module to be paired with the Vipp Chimney sofa. This ottoman features a frame of powder-coated aluminium and interior of foam, polyfibres and natural feathers. For more upholstery options, click details below.","1,235.00","EUR",".","placeholder","placeholder","placeholder","N/A","N/A","N/A","N/A","Powder-coated aluminium, stainless steel, wood, textile upholstery","placeholder"
"vipp_Vipp632","N/A","Vipp","Vipp","N/A","Chimney sofa, 3-seater","N/A","The Vipp Chimney sofa is one of the two models available in the Vipp sofa series. The Chimney sofa features a rounded and compact design with a wood and steel construction, carried by a slender frame of powder-coated steel. One cushion per unit is included. This version is a 3-seater configuration. For more modules and upholstery options, click details below.","5,035.00","EUR",".","placeholder","placeholder","placeholder","N/A","N/A","N/A","N/A","Powder-coated aluminium, stainless steel, wood, textile upholstery. View care instructions","placeholder"
"vipp_Vipp632","N/A","Vipp","Vipp","N/A","Chimney sofa, 3-seater w/ chaise lounge","N/A","The Vipp Chimney sofa is one of the two models available in the Vipp sofa series. The Chimney sofa features a rounded and compact design with a wood and steel construction, carried by a slender frame of powder-coated steel. One cushion per unit is included. This configuration is a 3-seater with chaise lounge. For more modules and upholstery options, click details below.","7,450.00","EUR",".","placeholder","placeholder","placeholder","N/A","N/A","N/A","N/A","Powder-coated aluminium, stainless steel, wood, textile upholstery. View care instructions","placeholder"
"vipp_Vipp632","N/A","Vipp","Vipp","N/A","Chimney sofa, 4-seater","N/A","The Vipp Chimney sofa is one of the two models available in the Vipp sofa series. The Chimney sofa features a rounded and compact design with a wood and steel construction, carried by a slender frame of powder-coated steel. One cushion per unit is included. This configuration is a 4-seater. For more modules and upholstery options, click details below.","8,540.00","EUR",".","placeholder","placeholder","placeholder","N/A","N/A","N/A","N/A","Powder-coated aluminium, stainless steel, wood, textile or leather upholstery. View care instructions","placeholder"
"vipp_Vipp421","N/A","Vipp","Vipp","N/A","Side table","N/A","The Vipp side table is a small, versatile table for the living room or bedroom. Designed with three legs, the Vipp side table fits right in whether placed next to the couch, lounge chair or bed.","469.00","EUR",".","placeholder","placeholder","placeholder","N/A","N/A","N/A","N/A","Powder-coated aluminum, soft feet in synthetic material, oak veneer table top. View care instructions","placeholder"
"vipp_Vipp423","N/A","Vipp","Vipp","N/A","Coffee table Ø60","N/A","The Vipp coffee table is a versatile table for the living room. Also available in a larger version, this table features a three-legged frame of black powder-coated aluminium and a tabletop of either polished marble or dark oak. Please note that each marble plate has a unique visual expression.","879.00","EUR",".","placeholder","placeholder","placeholder","N/A","N/A","N/A","N/A","Powder-coated aluminium, tabletop of marble or oak veneer. View care instructions","placeholder"
"vipp_Vipp425","N/A","Vipp","Vipp","N/A","Coffee table Ø90","N/A","The Vipp coffee table is a versatile table for the living room. Also available in a smaller version, this table features a three-legged frame of black powder-coated aluminium and a top of either polished marble or dark oak. Please note that each marble plate has a unique visual expression.","1,279.00","EUR",".","placeholder","placeholder","placeholder","N/A","N/A","N/A","N/A","Powder-coated aluminium, tabletop of marble or oak veneer. View care instructions","placeholder"
"vipp_Vipp971","N/A","Vipp","Vipp","N/A","Table, medium","N/A","The Vipp table is a medium-sized table for the dining room or kitchen. Also available in a large version, the table features a steel frame with soft rounded corners and carries a highly durable tabletop of either heat-pressed ceramics or chevron-patterned, dark oak.","3,019.00","EUR",".","placeholder","placeholder","placeholder","N/A","N/A","N/A","N/A","Powder-coated steel, stainless steel, table top of ceramics or lacquered oak veneer. View care instructions","placeholder"
"vipp_Vipp972","N/A","Vipp","Vipp","N/A","Table, large","N/A","The Vipp table is a large table for the dining room or kitchen. Also available in a medium-sized version, the table features a steel frame with soft rounded corners and carries a highly durable tabletop of either heat-pressed ceramics or chevron-patterned, dark oak.","3,699.00","EUR",".","placeholder","placeholder","placeholder","N/A","N/A","N/A","N/A","Powder-coated steel, stainless steel, table top of ceramics or lacquered oak veneer. View care instructions","placeholder"
"vipp_Vipp473","N/A","Vipp","Vipp","N/A","Rack, low","N/A","The Vipp rack is a modular shelving system available in four configurations. This is the low version of the Vipp racks, and it comes with three shelves. The low rack is a stand-alone unit and it can be extended with the Vipp rack extension, low.","2,149.00","EUR",".","placeholder","placeholder","placeholder","N/A","N/A","N/A","N/A","Powder-coated steel and aluminium, stainless steel, ceramic shelf top. View care instructions","placeholder"
"vipp_Vipp112","N/A","Vipp","Vipp","N/A","Wool blanket","N/A","The Vipp wool blanket is warm and ultra-soft addition for the living room or bedroom. This wool blanket is woven from all-natural wool and features a discreetly woven pattern. Available in two colour options.","209.00","EUR",".","placeholder","placeholder","placeholder","N/A","N/A","N/A","N/A","54% wool, 24% acrylic, 12% alpaca, 10% polyamide. Hand wash only","placeholder"
"vipp_Vipp474","N/A","Vipp","Vipp","N/A","Rack extension, low","N/A","The Vipp rack is a modular shelving system available in four configurations. As an add-on module for the low Vipp rack, the low extension lets you build the rack system of your choice. This rack is an extension module and cannot stand alone.","1,899.00","EUR",".","placeholder","placeholder","placeholder","N/A","N/A","N/A","N/A","Powder-coated steel and aluminium, stainless steel, ceramic shelf top. View care instructions","placeholder"
"vipp_Vipp115","N/A","Vipp","Vipp","N/A","Wool pillow","N/A","The Vipp wool pillow is an ultra-soft and decorative element for the living room or bedroom. The removable pillow cover is woven from all-natural wool, featuring a discreetly woven pattern, a concealed zipper and is available in two colours. An inner cushion with filling of natural duck feathers is included.","119.00","EUR",".","placeholder","placeholder","placeholder","N/A","N/A","N/A","N/A","N/A","placeholder"
"vipp_Vipp475","N/A","Vipp","Vipp","N/A","Rack, tall","N/A","The Vipp rack is a modular shelving system available in four configurations. This is the tall version of the rack system and comes with five shelves. The tall rack can be extended with the Vipp rack extension, tall.","3,359.00","EUR",".","placeholder","placeholder","placeholder","N/A","N/A","N/A","N/A","Powder-coated steel and aluminium, stainless steel, ceramic shelf top. View care instructions","placeholder"
"vipp_Vipp476","N/A","Vipp","Vipp","N/A","Rack extension, tall","N/A","The Vipp rack is a modular shelving system available in four configurations. As an add-on module for the tall Vipp rack, the tall extension lets you build the rack system of your choice. This rack is an extension module and cannot stand alone.","3,099.00","EUR",".","placeholder","placeholder","placeholder","N/A","N/A","N/A","N/A","Powder-coated steel and aluminium, stainless steel, ceramic shelf top. View care instructions","placeholder"
"vipp_Vipp921","N/A","Vipp","Vipp","N/A","Shelf, small","N/A","This is the smallest of the two Vipp shelves. With two surfaces, the Vipp shelf is a functional storage option for every room of the house. An indentation in the two surfaces holds a silicone mat for protection of delicate items.","199.00","EUR",".","placeholder","placeholder","placeholder","N/A","N/A","N/A","N/A","Powder-coated aluminium, silicone, plastic, stainless steel. View care instructions","placeholder"
"vipp_Vipp142","N/A","Vipp","Vipp","N/A","Wool rug, medium","N/A","The Vipp wool rug is a soft and textured underlay for the living room or bedroom. Handwoven from all-natural wool, this rectangular rug features a bulky surface with serged edges. This rug is also available in a larger version and comes in two colours.","949.00","EUR",".","placeholder","placeholder","placeholder","N/A","N/A","N/A","N/A","100% wool","placeholder"
"vipp_Vipp922","N/A","Vipp","Vipp","N/A","Shelf, large","N/A","The is the largest of the two Vipp shelves. With two surfaces, the Vipp shelf is a functional storage option for every room of the house. An indentation in the two surfaces holds a silicone mat for protection of delicate items.","285.00","EUR",".","placeholder","placeholder","placeholder","N/A","N/A","N/A","N/A","Powder-coated aluminium, silicone, plastic, stainless steel. View care instructions","placeholder"
"vipp_VIPP461","N/A","Vipp","Vipp","N/A","Daybed","N/A","With an aniline leather mattress resting on a black powder-coated steel frame, the Vipp daybed is an exclusive resting spot or seating option for the living room or office space. The black leather upholstery features unique visual characteristics.","4,830.00","EUR",".","placeholder","placeholder","placeholder","N/A","N/A","N/A","N/A","Powder-coated steel, stainless steel, 100% aniline leather. View care instructions","placeholder"
"vipp_Vipp143","N/A","Vipp","Vipp","N/A","Wool rug, large","N/A","The Vipp wool rug is a soft and textured underlay for the living room or bedroom. Handwoven from all-natural wool, this rectangular rug features a bulky surface with serged edges. This rug is also available in a smaller version and comes in two colours.","1,209.00","EUR",".","placeholder","placeholder","placeholder","N/A","N/A","N/A","N/A","100% wool","placeholder"
"vipp_Vipp89S451","N/A","Vipp","Vipp","N/A","Chair armrest cover","N/A","The Vipp chair armrest cover is a removable leather sleeve providing additional seating comfort. The tapered design fits accurately on the Vipp chair, and with its Velcro seal, it is easy to demount. For mounting instructions, click details below.","69.00","EUR",".","placeholder","placeholder","placeholder","N/A","N/A","N/A","N/A","Leather (Shade)","placeholder"
"vipp_Vipp89EX","N/A","Vipp","Vipp","N/A","Extension plate for Vipp971-972 tables","N/A","The Vipp extension plate is an attachable plate to extend the Vipp table. Its customised design fits solely onto the Vipp971-972 tables and the simple construction makes it quick and easy to mount and demount.","269.00","EUR",".","placeholder","placeholder","placeholder","N/A","N/A","N/A","N/A","Carbon steel, MDF","placeholder"
"vipp_Vipp144","N/A","Vipp","Vipp","N/A","Wool/bamboo rug, medium","N/A","The Vipp wool/bamboo rug is a soft and simple underlay for the living room or bedroom. Handwoven in a mix of natural wool and bamboo, this rectangular rug offers a strong tenacity with minimal peeling. This rug is also available in a larger version and comes in three colours.","1,079.00","EUR",".","placeholder","placeholder","placeholder","N/A","N/A","N/A","N/A","50% wool, 50% bamboo","placeholder"
"vipp_Vipp145","N/A","Vipp","Vipp","N/A","Wool/bamboo rug, large","N/A","The Vipp wool/bamboo rug is a soft and simple underlay for the living room or bedroom. Handwoven in a mix of natural wool and bamboo, this rectangular rug offers a strong tenacity with minimal peeling. This rug is also available in a smaller version and comes in three colours.","1,349.00","EUR",".","placeholder","placeholder","placeholder","N/A","N/A","N/A","N/A","50% wool, 50% bamboo","placeholder"
"vipp_Vipp52","N/A","Vipp","Vipp","N/A","Office bin","N/A","The Vipp office bin is equally suited for office spaces and for the home. The office bin features a stainless-steel construction and durable rubber wrapped in a timeless design. The office bin is fitted with discreet rubber wheels, and a hidden metal ring keeps the bin liner in place.","239.00","EUR",".","placeholder","placeholder","placeholder","N/A","N/A","Holger Nielsen, 1985","N/A","Powder-coated steel, stainless steel, silicone. View care instructions","placeholder"
"vipp_Vipp18","N/A","Vipp","Vipp","N/A","Open top bin 22 L / 6 gal","N/A","The Vipp open top bin is equally suited for public spaces and private homes. Also available in a larger size, this lid-free bin is designed for fast and easy garbage disposal. The open top bin features a fully removable exterior steel shell hiding an inner bin. A non-slip silicone base ensures stability.","279.00","EUR",".","placeholder","placeholder","placeholder","N/A","N/A","N/A","N/A","Powder-coated steel, stainless steel, silicone. View care instructions","placeholder"
"vipp_Vipp19","N/A","Vipp","Vipp","N/A","Open top bin 60 L / 16 gal","N/A","The Vipp open top bin is equally suited for public spaces and for private homes. Also available in a smaller size, this lid-free bin is designed for fast and easy garbage disposal. The open top bin features a fully removable exterior steel shell hiding an inner bin. A non-slip silicone base ensures stability.","389.00","EUR",".","placeholder","placeholder","placeholder","N/A","N/A","N/A","N/A","Powder-coated steel, stainless steel, silicone. View care instructions","placeholder"
"vipp_Vipp501","N/A","Vipp","Vipp","N/A","Electric kettle","N/A","The Vipp electric kettle is an essential device for the kitchen. Featuring a solid powder-coated surface, non-slip rubber details and a removable filter and spout, the electric kettle is a highly functional addition to any kitchen.","229.00","EUR",".","placeholder","placeholder","placeholder","N/A","N/A","N/A","N/A","Stainless steel, powder-coated stainless steel, silicone, fabric-covered cord. View care instructions","placeholder"
"vipp_Vipp272","N/A","Vipp","Vipp","N/A","Tray","N/A","The Vipp tray is a handy solution for small servings in the kitchen. Designed for daily use, the Vipp tray has a removable, washing machine-proof mat.","80.00","EUR",".","placeholder","placeholder","placeholder","N/A","N/A","N/A","N/A","Powder-coated aluminium, silicone. View care instructions","placeholder"
"vipp_Vipp263","N/A","Vipp","Vipp","N/A","Salt and pepper","N/A","The Vipp salt and pepper mills are tabletop necessities for the kitchen or dining room. The set of mills are constructed with a swivel top and a durable ceramic grinder with a refined grinding sound. The shared base holds a removable inner section.","175.00","EUR",".","placeholder","placeholder","placeholder","N/A","N/A","N/A","N/A","Powder-coated steel, stainless steel, zink-alloy, silicone, plastic. View care instructions","placeholder"
"vipp_Vipp262","N/A","Vipp","Vipp","N/A","Pepper mill","N/A","The Vipp pepper mill is a tabletop necessity for the kitchen or dining room. The mill is constructed with a swivel top and a durable ceramic grinder with a refined grinding sound. This matte painted grey color is a limited edition to match the new grey Vipp kitchen.","69.00","EUR",".","placeholder","placeholder","placeholder","N/A","N/A","N/A","N/A","Powder-coated steel, stainless steel, zink-alloy, silicone, plastic. View care instructions","placeholder"
"vipp_Vipp1","N/A","Vipp","Vipp","N/A","Hook 2 pcs.","N/A","The set of two Vipp hooks is suited for both kitchen and bathroom. The hooks feature a functional groove, ensuring a proper hold on your towels.","99.00","EUR",".","placeholder","placeholder","placeholder","N/A","N/A","N/A","N/A","Solid stainless steel, two-component plastic. View care instructions","placeholder"
"vipp_Vipp280","N/A","Vipp","Vipp","N/A","Dishwashing brush","N/A","The Vipp dishwashing brush is a trusted tool for the kitchen. Designed for durability, the Vipp dishwashing brush features a replaceable brush head. Extra brush heads are available in packages of two.","59.00","EUR",".","placeholder","placeholder","placeholder","N/A","N/A","N/A","N/A","Stainless steel, rubber, silicone, plastic, nylon. View care instructions","placeholder"
"vipp_Vipp274","N/A","Vipp","Vipp","N/A","Broom and dustpan","N/A","The Vipp broom and dustpan set is a handy tool in the kitchen. The broom easily gets crumbs and dust off the floor and onto the angled dustpan, which can stand on its own. The set can be suspended from a hook with the integrated strap.","69.00","EUR",".","placeholder","placeholder","placeholder","N/A","N/A","N/A","N/A","Powder-coated aluminium, plastic, silicone, stainless steel, nylon. View care instructions","placeholder"
"vipp_Vipp268","N/A","Vipp","Vipp","N/A","Trivet 2 pcs.","N/A","The Vipp trivet set consists of a small and a large trivet fitted into each other. Sprockets in the laser-cut steel trivets are fitted with heat resistant silicone rubber profiles. The Vipp trivet set is dishwasher-proof.","69.00","EUR",".","placeholder","placeholder","placeholder","N/A","N/A","N/A","N/A","Stainless steel, silicone. View care instructions","placeholder"
"vipp_Vipp266","N/A","Vipp","Vipp","N/A","Kitchen roll holder","N/A","The Vipp kitchen roll holder helps control paper towels in the kitchen. A solid base gives the kitchen roll holder stability, and a stainless-steel arm holds paper towels in place. The Vipp kitchen roll holder is made to fit European standard-sized paper towels.","99.00","EUR",".","placeholder","placeholder","placeholder","N/A","N/A","N/A","N/A","Powder-coated aluminium, stainless steel, silicone rubber, plastic. View care instructions","placeholder"
"vipp_Vipp270","N/A","Vipp","Vipp","N/A","Breadbox","N/A","The Vipp breadbox is a robust storing option for bread in the kitchen. A cleaning-friendly steel lid, spacious volume and a washable inner liner are features of the Vipp breadbox. A rubber ring at the base protects surfaces.","175.00","EUR",".","placeholder","placeholder","placeholder","N/A","N/A","N/A","N/A","Powder-coated steel, stainless steel, rubber, cotton. View care instructions","placeholder"
"vipp_Vipp240","N/A","Vipp","Vipp","N/A","Glass 15cl, 2 pcs.","N/A","This Vipp glass is the smaller of two sizes in the Vipp collection. The glass is mouth-blown and hand-polished. Available in packages of two.","29.00","EUR",".","placeholder","placeholder","placeholder","N/A","N/A","N/A","N/A","Mouth-blown glass. View care instructions","placeholder"
"vipp_Vipp242","N/A","Vipp","Vipp","N/A","Glass 33cl, 2 pcs.","N/A","This Vipp glass is the larger of two sizes in the Vipp collection. The glass is mouth-blown and hand-polished. Available in packages of two.","39.00","EUR",".","placeholder","placeholder","placeholder","N/A","N/A","N/A","N/A","Mouth-blown glass. View care instructions","placeholder"
"vipp_Vipp253","N/A","Vipp","Vipp","N/A","Glass canister, 0.9 L","N/A","The Vipp glass canister is a practical storage solution for the kitchen. Also available in a larger version, this small-sized canister is made in durable borosilicate glass with a transparent rubber ring ensuring a tight seal.","21.00","EUR",".","placeholder","placeholder","placeholder","N/A","N/A","N/A","N/A","Mouth-blown glass, silicone. View care instructions","placeholder"
"vipp_Vipp255","N/A","Vipp","Vipp","N/A","Glass canister, 1.7 L","N/A","The Vipp glass canister is a practical storage solution for the kitchen. Also available in a smaller version, this large-sized canister is made in durable borosilicate glass with a transparent rubber ring ensuring a tight seal.","29.00","EUR",".","placeholder","placeholder","placeholder","N/A","N/A","N/A","N/A","Mouth-blown glass, silicone. View care instructions","placeholder"
"vipp_Vipp901","N/A","Vipp","Vipp","N/A","Kitchen tap","N/A","The single lever Vipp kitchen tap is a highly functional addition to every kitchen. Featuring a swivel spout and a pull-out spray as well as a lime-resistant aerator and a ceramic cartridge, the Vipp kitchen tap is drip-free with a soft water jet.","805.00","EUR",".","placeholder","placeholder","placeholder","N/A","N/A","N/A","N/A","Stainless steel. View care instructions","placeholder"
"vipp_Vipp205","N/A","Vipp","Vipp","N/A","Milk jug","N/A","The Vipp milk jug is hand-casted in high-quality porcelain. For a matte finish and a smooth interior, the milk jug cup is glazed on the inside and hand-polished on the outside.","39.00","EUR",".","placeholder","placeholder","placeholder","N/A","N/A","N/A","N/A","Double-layer porcelain. View care instructions","placeholder"
"vipp_Vipp203","N/A","Vipp","Vipp","N/A","Tea cup 2 pcs.","N/A","The Vipp tea cup is hand-casted in high-quality porcelain. For a matte finish and a smooth interior, the tea cup is glazed on the inside and hand-polished on the outside. Available in packages of two.","40.00","EUR",".","placeholder","placeholder","placeholder","N/A","N/A","N/A","N/A","Double-layer porcelain. View care instructions","placeholder"
"vipp_Vipp202","N/A","Vipp","Vipp","N/A","Coffee cup 2 pcs.","N/A","The Vipp coffee cup is hand-casted in high-quality porcelain. For a matte finish and a smooth interior, the coffee cup is glazed on the inside and hand-polished on the outside. Available in packages of two.","39.00","EUR",".","placeholder","placeholder","placeholder","N/A","N/A","N/A","N/A","Double-layer porcelain. View care instructions","placeholder"
"vipp_Vipp201","N/A","Vipp","Vipp","N/A","Espresso cup 2 pcs.","N/A","The Vipp espresso cup is hand-casted in high-quality porcelain. For a matte finish and a smooth interior, the espresso cup is glazed on the inside and hand-polished on the outside. Available in packages of two.","29.00","EUR",".","placeholder","placeholder","placeholder","N/A","N/A","N/A","N/A","Double-layer porcelain. View care instructions","placeholder"
"vipp_Vipp218","N/A","Vipp","Vipp","N/A","Bowl, large","N/A","This Vipp bowl is the larger of two bowls in the Vipp collection and is hand-casted in high-quality porcelain. For a matte finish and a smooth interior, the bowl is glazed on the inside and hand-polished on the outside.","40.00","EUR",".","placeholder","placeholder","placeholder","N/A","N/A","N/A","N/A","Double-layer porcelain. View care instructions","placeholder"
"vipp_Vipp215","N/A","Vipp","Vipp","N/A","Bowl 2 pcs.","N/A","The Vipp bowl is hand-casted in high-quality porcelain. For a matte finish and a smooth interior, the bowl is glazed on the inside and hand-polished on the outside. Available in packages of two.","40.00","EUR",".","placeholder","placeholder","placeholder","N/A","N/A","N/A","N/A","Double-layer porcelain. View care instructions","placeholder"
"vipp_Vipp214","N/A","Vipp","Vipp","N/A","Plate 2 pcs.","N/A","The Vipp plate is hand-casted in high-quality porcelain. For a matte finish and a smooth interior, the plate is glazed on the inside and hand-polished on the outside. Available in packages of two.","49.00","EUR",".","placeholder","placeholder","placeholder","N/A","N/A","N/A","N/A","Double-layer porcelain. View care instructions","placeholder"
"vipp_Vipp248","N/A","Vipp","Vipp","N/A","Vase","N/A","The Vipp vase is a decorative item for the living room. This translucent, mouth-blown glass vase features a distinct smoke-coloured finish designed in collaboration with ceramicist Annemette Kissow.","89.00","EUR",".","placeholder","placeholder","placeholder","N/A","N/A","N/A","N/A","Mouth-blown glass. View care instructions","placeholder"
"vipp_Vipp220","N/A","Vipp","Vipp","N/A","Ceramic pot","N/A","The Vipp ceramic pot is hand-casted in high-quality white porcelain. This pot is well-suited for both eatable and decorative greenery or as a storage solution for everyday kitchen utensils.","49.00","EUR",".","placeholder","placeholder","placeholder","N/A","N/A","N/A","N/A","Double-layer porcelain. View care instructions","placeholder"
"vipp_Vipp212","N/A","Vipp","Vipp","N/A","Lunch plate, 2 pcs.","N/A","The Vipp lunch plate is a medium-sized plate for the dining table. Just like the other Vipp plates, it is hand-casted in high-quality porcelain. For a matte finish and a smooth interior, the plate is glazed on the inside and hand-polished on the outside. Available in packages of two.","49.00","EUR",".","placeholder","placeholder","placeholder","N/A","N/A","N/A","N/A","Porcelain. View care instructions","placeholder"
"vipp_Vipp213","N/A","Vipp","Vipp","N/A","Dinner plate, 2 pcs.","N/A","The Vipp dinner plate is made for the dining table and is hand-casted in high-quality porcelain. Just like the smaller plate in the Vipp assortment, the dinner plate is glazed on the inside for a smooth interior and hand-polished on the outside for a matte finish. Available in packages of two.","60.00","EUR",".","placeholder","placeholder","placeholder","N/A","N/A","N/A","N/A","Porcelain. View care instructions","placeholder"
"vipp_Vipp134","N/A","Vipp","Vipp","N/A","Placemat, round 4 pcs.","N/A","The round Vipp placemat is made to protect delicate surfaces on round dining tables. Also available in a square version, the Vipp placemat is easy to clean with a damp cloth or in the washing machine.","80.00","EUR",".","placeholder","placeholder","placeholder","N/A","N/A","N/A","N/A","Silicone, machine washable. View care instructions","placeholder"
"vipp_Vipp130","N/A","Vipp","Vipp","N/A","Placemat 4 pcs.","N/A","The Vipp placemat protects delicate surfaces on the dining table. Made to be used daily, the placemat is easy to clean with a damp cloth or in the washing machine. Available in packages of four.","89.00","EUR",".","placeholder","placeholder","placeholder","N/A","N/A","N/A","N/A","Soft silicone rubber. View care instructions","placeholder"
"vipp_Vipp125","N/A","Vipp","Vipp","N/A","Cloth napkin 4 pcs.","N/A","Vipp cloth napkins for the kitchen or dining table are woven from pure linen for optimal water absorption and high durability. Available in three colours in sets of 4 pieces.","40.00","EUR",".","placeholder","placeholder","placeholder","N/A","N/A","N/A","N/A","100% linen. View care instructions","placeholder"
"vipp_Vipp121","N/A","Vipp","Vipp","N/A","Tea towel 2 pcs.","N/A","Vipp tea towels for the kitchen are woven in a two-toned organic cotton for premium quality and water absorption. The tea towels are fitted with a rubber strap imprinted with washing instructions. Available in two colours in boxes of 2 pieces.","29.00","EUR",".","placeholder","placeholder","placeholder","N/A","N/A","N/A","N/A","Organic cotton. Soak before use. View care instructions","placeholder"
"vipp_Vipp12","N/A","Vipp","Vipp","N/A","Suction hook 2 pcs.","N/A","The Vipp suction hook is a handy helper in the bathroom or kitchen. Easily mount it on any plain surface – even in the shower -  and hang items such as the Vipp shower wiper or dishwashing brush. Available in packages of two.","39.00","EUR",".","placeholder","placeholder","placeholder","N/A","N/A","N/A","N/A","Stainless steel, rubber, plastic. View care instructions","placeholder"
"vipp_Vipp267","N/A","Vipp","Vipp","N/A","Clip 2 pcs.","N/A","The Vipp clip is an ideal tool to gather your papers or hang your poster. Attach the clip using the super magnet or the included wall hook. The Vipp clip comes with included wall hooks in a set of two.","49.00","EUR",".","placeholder","placeholder","placeholder","N/A","N/A","N/A","N/A","Powder-coated aluminium, steel, magnic, plastic. View care instructions","placeholder"
"vipp_Vipp15","N/A","Vipp","Vipp","N/A","Miniature bin","N/A","Although built in scale 1:5, the Vipp miniature pedal bin has an operational pedal and remains true to the design, proportions and materials of the full-size bin – both in proportions and choice of materials.","100.00","EUR",".","placeholder","placeholder","placeholder","N/A","N/A","Holger Nielsen, 1939","N/A","Powder-coated aluminium, stainless steel, silicone. View care instructions","placeholder"
"vipp_Vipp561","N/A","Vipp","Vipp","N/A","Flashlight","N/A","The Vipp flashlight is a trusted tool to help you find your way outdoors. The Vipp561 flashlight has a powerful beam distance and is equipped with a handy rubber string to carry it around your neck.","80.00","EUR",".","placeholder","placeholder","placeholder","N/A","N/A","N/A","N/A","Stainless steel, silicone. View care instructions","placeholder"
"vipp_Vipp401","N/A","Vipp","Vipp","N/A","Mini table","N/A","For breakfast in bed or coffee on the terrace, the Vipp mini table is a multifunctional piece of furniture. The legs of the mini table can be folded to save space, and a dishwasher-proof rubber mat adds a functional detail.","269.00","EUR",".","placeholder","placeholder","placeholder","N/A","N/A","N/A","N/A","Powder-coated aluminium, stainless steel, silicone, plastic. View care instructions","placeholder"
"vipp_Vipp80","N/A","Vipp","Vipp","N/A","Bin liners","N/A","Vipp bin liners are custom-designed to fit your Vipp pedal bin. Available in boxes with 8 rolls of bags. Remember to choose the size that fits your bin.","40.00","EUR",".","placeholder","placeholder","placeholder","N/A","N/A","N/A","N/A","Plastic","placeholder"
"vipp_Vipp89","N/A","Vipp","Vipp","N/A","Rubber ring, top","N/A","Spare silicone ring for the top of the Vipp pedal bins. Remember to choose the size that fits your pedal bin.","15.00","EUR",".","placeholder","placeholder","placeholder","N/A","N/A","N/A","N/A","Rubber. View care instructuions","placeholder"
"vipp_Vipp890","N/A","Vipp","Vipp","N/A","Rubber ring, bottom","N/A","Spare rubber ring for the bottom of the Vipp pedal bins. Remember to choose the size that fits your pedal bin.","15.00","EUR",".","placeholder","placeholder","placeholder","N/A","N/A","N/A","N/A","Silicone. View care instructions","placeholder"
"vipp_Vipp800","N/A","Vipp","Vipp","N/A","Kitchen book","N/A","300 pages of kitchen inspiration wrapped in the format of a coffee table book, ‘Twenty Homes — One Kitchen’ welcomes you into twenty distinctive homes across four continents, nine countries and eighteen cities. The residences all differ in size, location and aesthetic, but share a common denominator in their choice of kitchen.","39.00","EUR",".","placeholder","placeholder","placeholder","N/A","N/A","N/A","N/A","N/A","placeholder"
"vipp_VIPP13-17","N/A","Vipp","Vipp","N/A","Inner bin","N/A","Inner bin for Vipp pedal bins. The inner bin is made from durable, galvanized steel. Remember to choose the size that fits your bin.","29.00","EUR",".","placeholder","placeholder","placeholder","N/A","N/A","N/A","N/A","Galvanized steel. View care instructions","placeholder"
"vipp_Vipp895","N/A","Vipp","Vipp","N/A","Wall mount adapter","N/A","The Vipp wall mount adapter is a spare part for the Vipp wall lamp and Vipp wall spot. The adapter can be used in cases where the pre-existing installation does not fit the flange of the lamp. Download product specifications at the bottom of this page for possibilities and restrictions.","39.00","EUR",".","placeholder","placeholder","placeholder","N/A","N/A","N/A","N/A","Powder-coated steel. View care instructions","placeholder"
"vipp_Vipp89070","N/A","Vipp","Vipp","N/A","Dishwashing brush head","N/A","Spare brush heads for the Vipp dishwashing brush. Available in packages of 2 pieces.","9.00","EUR",".","placeholder","placeholder","placeholder","N/A","N/A","N/A","N/A","Nylon, plastic. View care instructions","placeholder"
"vipp_Vipp89001","N/A","Vipp","Vipp","N/A","Dispenser, pump head","N/A","Spare pump heads for the Vipp dispenser and wall-mounted dispenser.","19.00","EUR",".","placeholder","placeholder","placeholder","N/A","N/A","N/A","N/A","Stainless steel, rubber. View care instructions","placeholder"
"vipp_Vipp89025","N/A","Vipp","Vipp","N/A","Toilet brush inner tube","N/A","Inner tube for the Vipp toilet brush and wall-mounted toilet brush.","20.00","EUR",".","placeholder","placeholder","placeholder","N/A","N/A","N/A","N/A","PPC. View care instructions","placeholder"
"vipp_Vipp89003","N/A","Vipp","Vipp","N/A","Toilet brush head","N/A","Spare brush head for the Vipp toilet brush and wall-mounted toilet brush.","9.00","EUR",".","placeholder","placeholder","placeholder","N/A","N/A","N/A","N/A","Plastic, nylon. View care instructions","placeholder"
"vipp_Vipp89002","N/A","Vipp","Vipp","N/A","Toilet brush handle","N/A","Spare handle for the Vipp toilet brush in classic stainless steel.","40.00","EUR",".","placeholder","placeholder","placeholder","N/A","N/A","N/A","N/A","Stainless steel, rubber. View care instructions","placeholder"
"vipp_Vipp89022","N/A","Vipp","Vipp","N/A","Breadbox bag","N/A","Inner bag for the Vipp breadbox in machine-washable, food-approved cotton with a rubber rim.","49.00","EUR",".","placeholder","placeholder","placeholder","N/A","N/A","N/A","N/A","Cotton, rubber. View care instructions","placeholder"
"vipp_Vipp89067","N/A","Vipp","Vipp","N/A","Laundry basket bag","N/A","The spare liner for the Vipp laundry basket is machine-washable and divided into two section, making laundry sorting an easy task.","80.00","EUR",".","placeholder","placeholder","placeholder","N/A","N/A","N/A","N/A","Nylon mesh, silicone. View care instructions","placeholder"
"vipp_Vipp89069","N/A","Vipp","Vipp","N/A","Shower wiper blade","N/A","Spare wiper blade for Vipp shower wiper. The spare wiper blade is made from durable rubber.","7.00","EUR",".","placeholder","placeholder","placeholder","N/A","N/A","N/A","N/A","Silicone. View care instructions","placeholder"
"vipp_Vipp809","N/A","Vipp","Vipp","N/A","Oil can","N/A","A key ingredient for protecting steel surfaces from grease stains and general wear and tear, the Vipp steel care is a sealing and caring agent for most products in the Vipp collection.","15.00","EUR",".","placeholder","placeholder","placeholder","N/A","N/A","N/A","N/A","N/A","placeholder"